<?xml version="1.0" encoding="UTF-8" ?>
<!DOCTYPE tiles-definitions PUBLIC
       "-//Apache Software Foundation//DTD Tiles Configuration 2.0//EN"
       "http://tiles.apache.org/dtds/tiles-config_2_0.dtd">
<tiles-definitions>



<!-- 	  <definition name="/member/loginForm" extends="baseLayout">
         <put-attribute name="title" value="로그인 페이지" />
         <put-attribute name="body" value="/WEB-INF/views/member/loginForm.jsp" />
      </definition>  
 -->	  


 
      <!-- MemberInLayout 에 확장되도록 연결했음  -->
      <!-- 헤더, 바디, 푸터만 있는 레이아웃 -->
      
      
	  <definition name="/member/loginForm" extends="MemberInLayout">
         <put-attribute name="title" value="로그인 페이지" />
         <put-attribute name="body" value="/WEB-INF/views/member/loginForm.jsp" />
      </definition>  
      
      
      
      <definition name="/member/memberForm" extends="MemberInLayout">
         <put-attribute name="title" value="회원 가입 페이지" />
         <put-attribute name="body" value="/WEB-INF/views/member/memberForm.jsp" />
      </definition>
  
  
</tiles-definitions>


