<?xml version="1.0" encoding="UTF-8" ?>
<!DOCTYPE tiles-definitions PUBLIC
       "-//Apache Software Foundation//DTD Tiles Configuration 2.0//EN"
       "http://tiles.apache.org/dtds/tiles-config_2_0.dtd">
<tiles-definitions>



	<!-- 연결 확인 views / common / jsp 파일 확인 혹은 새로 생성 -->
	<!-- 기본 레이아웃 CSS -->
	<definition name="baseLayout"
		template="/WEB-INF/views/common/layout.jsp">
		<put-attribute name="title" value="레이아웃 페이지" />
		<put-attribute name="header" value="/WEB-INF/views/common/header.jsp" />
		<put-attribute name="side" value="/WEB-INF/views/common/side.jsp" />
		<put-attribute name="body" value="" />
		<put-attribute name="footer" value="/WEB-INF/views/common/footer.jsp" />
		<put-attribute name="quickMenu" value="/WEB-INF/views/common/quickMenu.jsp" />
		
		
		    <!-- <link href="https://cdn.jsdelivr.net/npm/bootstrap@5.1.3/dist/css/bootstrap.min.css" rel="stylesheet" integrity="sha384-1BmE4kWBq78iYhFldvKuhfTAU6auU8tT94WrHftjDbrCEXSU1oBoqyl2QvZ6jIW3" crossorigin="anonymous"> -->
		
	</definition>
	
	
	
	
		<!-- 로그인/회원가입 화면 레이아웃 CSS -->
		<definition name="MemberInLayout"
		template="/WEB-INF/views/common/MemberInLayout.jsp">
		<put-attribute name="title" value="로그인" />
		<put-attribute name="header" value="/WEB-INF/views/common/header.jsp" />
		<put-attribute name="body" value="" />
		<put-attribute name="footer" value="/WEB-INF/views/common/footer.jsp" />
		
		
		
		<!-- 전체 적용 실패................ -->
		<!-- <put-attribute name="bootstrapCdn" value="https://cdn.jsdelivr.net/npm/bootstrap@5.1.3/dist/css/bootstrap.min.css"/> -->
		
	</definition>




	<definition name="/main/main" extends="baseLayout">
		<put-attribute name="title" value="쇼핑몰 메인페이지" />
		<put-attribute name="body" value="/WEB-INF/views/main/main.jsp" />
	</definition>
</tiles-definitions>


